Stock_Code,Close_Price
A3D.AX,0.07500000298023224
ACP.AX,0.017999999225139618
ANL.AX,0.0010000000474974513
ATR.AX,0.8199999928474426
ATU.AX,0.004530000034719706
AYI.AX,0.0010000000474974513
BOL.AX,0.14000000059604645
BRE.AX,2.8299999237060547
CBA.AX,135.38999938964844
CCO.AX,0.009999999776482582
CE1.AX,0.008999999612569809
CML.AX,0.28648999333381653
COV.AX,0.3799999952316284
CSE.AX,0.1550000011920929
DNK.AX,0.4099999964237213
DRO.AX,1.3650000095367432
DXN.AX,0.07900000363588333
EGL.AX,0.4099999964237213
EQE.AX,0.05000000074505806
EQT.AX,31.649999618530273
EVE.AX,0.0010000000474974513
EVO.AX,0.8149999976158142
FGG.AX,1.3600000143051147
FHE.AX,0.2199999988079071
FMR.AX,0.17000000178813934
FPH.AX,32.11000061035156
FSF.AX,4.650000095367432
GDG.AX,2.8299999237060547
GMG.AX,36.9900016784668
GNC.AX,9.199999809265137
GO2.AX,0.671999990940094
GUL.AX,0.06499999761581421
HCF.AX,1.0
HMC.AX,8.199999809265137
HUB.AX,58.369998931884766
HYT.AX,0.05400000140070915
IEQ.AX,0.03999999910593033
IFT.AX,11.40999984741211
IPC.AX,1.4500000476837158
JAT.AX,0.7900000214576721
KDY.AX,0.027000000700354576
KLL.AX,7.275000095367432
KTG.AX,0.36250001192092896
LAT.AX,0.13500000536441803
LAW.AX,0.004999999888241291
LKO.AX,1.0
LTP.AX,1.6649999618530273
M8S.AX,0.008999999612569809
MDC.AX,6.599999904632568
MFF.AX,3.8399999141693115
MMR.AX,0.004000000189989805
MYS.AX,3.6700000762939453
NAB.AX,37.349998474121094
NCR.AX,0.004999999888241291
NGI.AX,1.7400000095367432
NVQ.AX,0.02199999988079071
OIL.AX,0.19499999284744263
PGF.AX,2.2799999713897705
PME.AX,178.25
PO3.AX,0.2199999988079071
PRL.AX,0.04100000113248825
QUB.AX,3.950000047683716
RAN.AX,0.006000000052154064
RC1.AX,0.008999999612569809
RPL.AX,3.609999895095825
RXH.AX,0.028999999165534973
SB2.AX,0.5849999785423279
SSL.AX,9.649999618530273
SUM.AX,0.23499999940395355
TCO.AX,1.649999976158142
TMZ.AX,0.004999999888241291
TNE.AX,23.860000610351562
URW.AX,6.400000095367432
VBC.AX,0.13500000536441803
VGL.AX,2.440000057220459
VIP.AX,0.003000000026077032
VMG.AX,0.0010000000474974513
WAA.AX,0.8999999761581421
WCN.AX,0.019999999552965164
X64.AX,0.5699999928474426
AZ9.AX,0.028999999165534973
BEN.AX,11.649999618530273
GDC.AX,3.2100000381469727
SNL.AX,30.5
WGB.AX,2.2899999618530273
GVF.AX,1.2100000381469727
QRI.AX,1.625
PSQ.AX,1.8049999475479126
PXA.AX,14.800000190734863
ALQ.AX,14.420000076293945
TCF.AX,5.880000114440918
DUI.AX,5.289999961853027
ANZ.AX,30.479999542236328
LSF.AX,3.130000114440918
LGI.AX,2.7899999618530273
PMC.AX,1.4249999523162842
PL8.AX,1.2400000095367432
VG1.AX,2.0399999618530273
KAT.AX,1.1699999570846558
FGX.AX,1.2699999809265137
TRA.AX,4.300000190734863
AMC.AX,16.34000015258789
PBH.AX,0.699999988079071
EZZ.AX,4.53000020980835
RG8.AX,2.140000104904175
AUI.AX,11.010000228881836
LCE.AX,0.7200000286102295
GCI.AX,2.049999952316284
QBE.AX,16.540000915527344
DJW.AX,3.180000066757202
ELS.AX,0.42500001192092896
NWS.AX,40.34000015258789
KSL.AX,1.0199999809265137
AIQ.AX,1.399999976158142
IGNDA.AX,0.800000011920929
TDO.AX,0.07000000029802322
MQG.AX,232.3699951171875
AAC.AX,1.4500000476837158
BGA.AX,5.260000228881836
BWP.AX,3.75
WAR.AX,1.1950000524520874
WBC.AX,31.719999313354492
OFX.AX,2.1600000858306885
ALL.AX,58.599998474121094
GFL.AX,3.2799999713897705
NXT.AX,17.5
KKC.AX,2.299999952316284
COS.AX,0.9449999928474426
MAH.AX,0.32499998807907104
MXT.AX,2.059999942779541
RYD.AX,1.2400000095367432
FRI.AX,0.8349999785423279
RUL.AX,3.0
IAG.AX,7.360000133514404
ORG.AX,10.010000228881836
ORI.AX,18.549999237060547
DXI.AX,2.9000000953674316
TLX.AX,20.729999542236328
GIB.AX,0.03799999877810478
PIC.AX,1.2000000476837158
AUB.AX,30.780000686645508
PNR.AX,0.11500000208616257
VVA.AX,1.3799999952316284
MDR.AX,0.42500001192092896
QOR.AX,0.4099999964237213
GDI.AX,0.6800000071525574
NTU.AX,0.019999999552965164
RF1.AX,3.450000047683716
A2M.AX,6.239999771118164
CDP.AX,4.579999923706055
TLC.AX,5.119999885559082
PGC.AX,0.4449999928474426
SUN.AX,18.09000015258789
GTK.AX,10.489999771118164
CTE.AX,0.800000011920929
WQG.AX,1.6150000095367432
CEN.AX,7.260000228881836
WEB.AX,7.349999904632568
HPI.AX,3.7100000381469727
CAR.AX,37.459999084472656
TOP.AX,0.6449999809265137
CDA.AX,16.1200008392334
DXB.AX,0.375
SVM.AX,0.7149999737739563
S32.AX,3.7699999809265137
APZ.AX,2.299999952316284
PNI.AX,18.049999237060547
DBI.AX,3.2300000190734863
GNP.AX,2.450000047683716
AMH.AX,1.1449999809265137
NWL.AX,24.860000610351562
PNC.AX,0.5350000262260437
BGP.AX,3.940000057220459
ARG.AX,8.949999809265137
PRO.AX,0.6499999761581421
PEX.AX,0.10999999940395355
VIG.AX,0.029999999329447746
MOT.AX,2.1700000762939453
IPL.AX,3.109999895095825
LSX.AX,0.5099999904632568
WAT.AX,5.320000171661377
CIN.AX,29.799999237060547
SRG.AX,1.1100000143051147
CVL.AX,1.1699999570846558
HM1.AX,2.8399999141693115
DXC.AX,3.0399999618530273
MWY.AX,0.8799999952316284
SHA.AX,2.700000047683716
REA.AX,201.0
EGH.AX,0.6600000262260437
MEC.AX,0.9800000190734863
ACR.AX,0.0560000017285347
MAQ.AX,83.16999816894531
TWR.AX,1.225000023841858
FPC.AX,0.8799999952316284
LAM.AX,0.699999988079071
LPE.AX,0.12999999523162842
ECP.AX,1.399999976158142
PET.AX,0.02500000037252903
WHC.AX,7.21999979019165
BFG.AX,1.3799999952316284
BOQ.AX,6.179999828338623
CU6.AX,8.380000114440918
AII.AX,0.8999999761581421
GSS.AX,0.6650000214576721
CD3.AX,1.2799999713897705
GEM.AX,1.4149999618530273
MMI.AX,0.0430000014603138
AAP.AX,0.035999998450279236
SEG.AX,0.2549999952316284
MEZ.AX,5.440000057220459
MAU.AX,1.3250000476837158
ARF.AX,4.159999847412109
CHW.AX,0.9800000190734863
WHF.AX,5.550000190734863
TTT.AX,0.12999999523162842
SXE.AX,1.8350000381469727
BIS.AX,3.3499999046325684
NGE.AX,1.125
SGLLV.AX,9.0
WTC.AX,137.19000244140625
NWH.AX,3.5799999237060547
RDX.AX,3.299999952316284
WAF.AX,1.7350000143051147
TPC.AX,10.050000190734863
BKI.AX,1.7549999952316284
APW.AX,1.7000000476837158
OPH.AX,2.7200000286102295
NWSLV.AX,40.0
RSG.AX,0.7400000095367432
AFI.AX,7.449999809265137
HDN.AX,1.2450000047683716
EEG.AX,0.23999999463558197
GQG.AX,2.809999942779541
EBG.AX,1.159999966621399
CBO.AX,1.7000000476837158
DOW.AX,5.480000019073486
CAM.AX,0.8149999976158142
PAI.AX,1.034999966621399
NNG.AX,0.019999999552965164
NTL.AX,0.020999999716877937
YAL.AX,6.130000114440918
MPL.AX,3.6500000953674316
FPP.AX,0.7400000095367432
PFP.AX,5.78000020980835
ATM.AX,1.024999976158142
PTL.AX,0.08299999684095383
WMI.AX,1.5399999618530273
PIA.AX,1.1150000095367432
KOV.AX,10.369999885559082
CDM.AX,0.7450000047683716
MTS.AX,3.5799999237060547
SEC.AX,2.2799999713897705
RHI.AX,3.799999952316284
CWY.AX,2.940000057220459
FPR.AX,3.0899999141693115
INA.AX,5.03000020980835
ABV.AX,0.07500000298023224
TUA.AX,5.409999847412109
LRT.AX,1.2549999952316284
IBC.AX,0.45500001311302185
HZN.AX,0.20000000298023224
PPC.AX,1.284999966621399
VNT.AX,4.550000190734863
STO.AX,7.019999980926514
PCI.AX,1.1349999904632568
BGL.AX,1.3200000524520874
CDO.AX,1.7599999904632568
CPU.AX,25.270000457763672
CAT.AX,2.430000066757202
PRU.AX,2.609999895095825
SGF.AX,2.5
SPR.AX,1.440000057220459
COH.AX,282.0899963378906
RMD.AX,34.970001220703125
SLC.AX,1.725000023841858
KPG.AX,7.650000095367432
ALI.AX,2.3499999046325684
SSG.AX,1.2350000143051147
EVT.AX,10.779999732971191
BSA.AX,1.0199999809265137
VYS.AX,0.5
ANR.AX,0.07000000029802322
FAR.AX,0.47999998927116394
EMR.AX,3.859999895095825
FOS.AX,0.27000001072883606
CSL.AX,286.2799987792969
SCG.AX,3.6500000953674316
CNI.AX,2.0899999141693115
MAM.AX,0.5350000262260437
CAG.AX,0.20000000298023224
CXZ.AX,0.027000000700354576
IRI.AX,0.625
RFF.AX,1.9850000143051147
SGP.AX,5.239999771118164
KCN.AX,1.3899999856948853
NXL.AX,6.559999942779541
DSE.AX,3.4000000953674316
SST.AX,13.850000381469727
AKM.AX,0.30000001192092896
IMD.AX,2.359999895095825
CGF.AX,6.5
ANN.AX,31.809999465942383
ARB.AX,47.5
BRG.AX,34.13999938964844
COL.AX,18.059999465942383
BCN.AX,0.02199999988079071
BOT.AX,0.4050000011920929
FID.AX,8.539999961853027
ASX.AX,63.93000030517578
FSI.AX,1.9500000476837158
WMA.AX,1.0700000524520874
PGH.AX,0.8050000071525574
WPR.AX,2.640000104904175
EVN.AX,4.639999866485596
MIR.AX,3.4000000953674316
IDT.AX,0.11500000208616257
MAC.AX,20.780000686645508
NSR.AX,2.549999952316284
AGN.AX,0.7149999737739563
EHL.AX,0.7599999904632568
RAC.AX,1.784999966621399
WES.AX,70.43000030517578
PLY.AX,0.5799999833106995
REG.AX,6.190000057220459
ANG.AX,0.5350000262260437
MSV.AX,0.4000000059604645
GPT.AX,4.980000019073486
FRW.AX,8.569999694824219
EDC.AX,0.9200000166893005
BFL.AX,6.190000057220459
MPX.AX,0.25
NST.AX,15.970000267028809
AZJ.AX,3.5299999713897705
CYP.AX,0.2150000035762787
RND.AX,1.7799999713897705
SHJ.AX,0.8299999833106995
EBR.AX,0.8700000047683716
NOR.AX,0.035999998450279236
URF.AX,0.3499999940395355
XRF.AX,1.6799999475479126
SDV.AX,0.6399999856948853
SSM.AX,1.5199999809265137
ASK.AX,1.3250000476837158
QAN.AX,7.420000076293945
PLT.AX,0.7549999952316284
NEM.AX,77.91999816894531
FND.AX,4.840000152587891
BBL.AX,0.9100000262260437
RIO.AX,129.1300048828125
TWE.AX,12.0
GMD.AX,2.059999942779541
ABG.AX,1.2350000143051147
WRK.AX,0.04899999871850014
PAC.AX,10.619999885559082
ECL.AX,3.130000114440918
SIG.AX,1.440000057220459
AX8.AX,0.008999999612569809
EMB.AX,8.600000381469727
DBF.AX,1.3849999904632568
WLE.AX,1.3949999809265137
SDF.AX,5.670000076293945
CAY.AX,0.09600000083446503
RHK.AX,0.7799999713897705
RMS.AX,2.200000047683716
WAG.AX,0.3199999928474426
GNG.AX,2.0199999809265137
CEH.AX,0.44999998807907104
FEX.AX,0.29499998688697815
NDO.AX,0.8600000143051147
VLS.AX,2.2300000190734863
CAQ.AX,0.00800000037997961
OBM.AX,0.625
VCX.AX,2.2100000381469727
CUE.AX,0.09600000083446503
MAUCA.AX,1.0499999523162842
XRO.AX,149.44000244140625
JDO.AX,1.649999976158142
GDF.AX,1.1649999618530273
SRV.AX,5.150000095367432
CCV.AX,0.22499999403953552
CHC.AX,15.970000267028809
ONE.AX,0.33000001311302185
CAA.AX,9.859999656677246
CNU.AX,7.949999809265137
FSA.AX,0.8399999737739563
AOF.AX,1.215000033378601
WAM.AX,1.6200000047683716
MLG.AX,0.6150000095367432
CVR.AX,0.15000000596046448
LFS.AX,1.149999976158142
SRZ.AX,0.017000000923871994
ZAG.AX,0.013000000268220901
GLB.AX,3.75
AQZ.AX,3.0999999046325684
SNC.AX,0.8050000071525574
PER.AX,0.10499999672174454
HPG.AX,1.2549999952316284
JBH.AX,79.94000244140625
ACF.AX,1.090000033378601
REH.AX,28.5
NML.AX,0.01899999938905239
LYL.AX,12.300000190734863
AEI.AX,0.09799999743700027
LOV.AX,36.0
RMY.AX,0.061000000685453415
CTP.AX,0.054499998688697815
SP8.AX,0.007000000216066837
TVL.AX,0.06800000369548798
ALX.AX,4.889999866485596
TCL.AX,13.130000114440918
PE1.AX,1.225000023841858
MND.AX,12.90999984741211
FNR.AX,0.15000000596046448
RGN.AX,2.2899999618530273
AGL.AX,11.829999923706055
AIA.AX,6.800000190734863
TEA.AX,2.1500000953674316
TRM.AX,0.07199999690055847
CIP.AX,3.200000047683716
IDA.AX,0.09700000286102295
COF.AX,1.2699999809265137
SOL.AX,34.75
SEQ.AX,0.39500001072883606
UOS.AX,0.550000011920929
DGH.AX,0.875
EBO.AX,33.11000061035156
SGI.AX,0.3499999940395355
JPR.AX,0.027000000700354576
JMS.AX,0.17499999701976776
AV1.AX,0.07800000160932541
TGF.AX,1.7000000476837158
MCY.AX,5.710000038146973
EMU.AX,0.023000000044703484
GES.AX,0.004999999888241291
EAX.AX,0.3400000035762787
SLS.AX,0.2150000035762787
CBH.AX,0.07000000029802322
CLW.AX,4.0
KSC.AX,3.5199999809265137
SPZ.AX,0.5899999737739563
360.AX,18.940000534057617
PNV.AX,2.609999895095825
BHP.AX,45.959999084472656
PMV.AX,30.799999237060547
IMB.AX,0.7200000286102295
JIN.AX,13.720000267028809
ASB.AX,2.9100000858306885
BXB.AX,19.030000686645508
3PL.AX,1.0199999809265137
BTI.AX,1.2699999809265137
MGH.AX,4.78000020980835
HVN.AX,4.949999809265137
IPX.AX,3.180000066757202
VEA.AX,2.930000066757202
SEK.AX,24.850000381469727
CVW.AX,0.5450000166893005
EMH.AX,0.1550000011920929
JYC.AX,4.010000228881836
SFR.AX,10.84000015258789
CDD.AX,0.33500000834465027
NZM.AX,1.0049999952316284
CAJ.AX,0.36500000953674316
ECF.AX,0.6139770150184631
GOW.AX,2.1700000762939453
WAX.AX,1.2000000476837158
CD1.AX,0.6299999952316284
MVF.AX,1.225000023841858
AMX.AX,0.3174999952316284
PSC.AX,0.09300000220537186
CBE.AX,0.07400000095367432
OMA.AX,0.33500000834465027
HRZ.AX,0.04800000041723251
MYE.AX,0.1899999976158142
BSL.AX,22.200000762939453
BMN.AX,3.140000104904175
NHF.AX,5.940000057220459
KAL.AX,0.023000000044703484
DRA.AX,1.8650000095367432
MIN.AX,52.040000915527344
CQR.AX,3.609999895095825
NIC.AX,0.925000011920929
SKS.AX,1.5399999618530273
SXG.AX,3.3299999237060547
OJC.AX,0.18000000715255737
QAL.AX,2.3499999046325684
PDN.AX,11.550000190734863
UNI.AX,7.5
TGP.AX,0.6399999856948853
HLI.AX,4.059999942779541
DXS.AX,7.579999923706055
CVN.AX,0.1550000011920929
MYG.AX,0.7799999713897705
RNX.AX,0.008999999612569809
VEE.AX,1.465000033378601
LNW.AX,132.6300048828125
SFC.AX,22.399999618530273
REP.AX,0.7049999833106995
GOZ.AX,2.6700000762939453
RCT.AX,2.809999942779541
NCK.AX,16.600000381469727
IS3.AX,0.004999999888241291
SUV.AX,0.0560000017285347
DYL.AX,1.375
IFM.AX,1.590000033378601
APA.AX,7.760000228881836
ELD.AX,8.449999809265137
BHD.AX,0.22499999403953552
SLX.AX,4.300000190734863
CIW.AX,0.3499999940395355
OCL.AX,14.609999656677246
TOU.AX,0.02800000086426735
TSO.AX,0.03700000047683716
PPM.AX,1.3600000143051147
VUL.AX,4.519999980926514
AUE.AX,0.47999998927116394
GTN.AX,0.4699999988079071
LGM.AX,0.22499999403953552
IVR.AX,0.03700000047683716
DEV.AX,0.16500000655651093
LFG.AX,3.5
GC1.AX,0.4749999940395355
TOK.AX,0.800000011920929
FFI.AX,4.300000190734863
FNX.AX,0.30000001192092896
AX1.AX,2.380000114440918
FCG.AX,0.13500000536441803
BPP.AX,0.006000000052154064
ORN.AX,0.017000000923871994
GLE.AX,0.20000000298023224
MCE.AX,0.3499999940395355
LYC.AX,8.020000457763672
SDI.AX,0.9300000071525574
TCG.AX,0.33000001311302185
BKW.AX,29.190000534057617
BMR.AX,0.14000000059604645
MGR.AX,2.1500000953674316
DRR.AX,4.039999961853027
SKT.AX,2.440000057220459
MLX.AX,0.45500001311302185
D2O.AX,1.4199999570846558
CD2.AX,0.9100000262260437
RDY.AX,3.0
BMH.AX,0.08399999886751175
IRD.AX,0.07000000029802322
MP1.AX,7.320000171661377
RKN.AX,0.5199999809265137
PPT.AX,18.6200008392334
EQN.AX,0.27000001072883606
CMM.AX,5.75
BPT.AX,1.215000033378601
CYG.AX,1.2599999904632568
ECH.AX,0.3700000047683716
QFE.AX,0.08699999749660492
IMM.AX,0.32499998807907104
LOT.AX,0.26499998569488525
ACQ.AX,0.8299999833106995
XF1.AX,0.15000000596046448
KBC.AX,0.04699999839067459
SMR.AX,3.200000047683716
FAL.AX,0.1850000023841858
AMP.AX,1.3300000429153442
AVJ.AX,0.3100000023841858
TPG.AX,4.920000076293945
RCL.AX,0.0989999994635582
FMG.AX,20.68000030517578
CQE.AX,2.8499999046325684
ING.AX,2.950000047683716
PWH.AX,9.050000190734863
NVU.AX,0.017999999225139618
PGM.AX,0.020999999716877937
CAF.AX,0.3050000071525574
ALD.AX,30.530000686645508
DUG.AX,2.5299999713897705
RHC.AX,41.619998931884766
TLS.AX,3.880000114440918
WOR.AX,14.829999923706055
NME.AX,0.0430000014603138
PH2.AX,0.15000000596046448
AQD.AX,0.010999999940395355
Z2U.AX,0.07599999755620956
OMH.AX,0.38499999046325684
ILT.AX,0.23000000417232513
KOB.AX,0.14000000059604645
SGA.AX,0.0860000029206276
FLT.AX,22.350000381469727
CLX.AX,1.7699999809265137
HGO.AX,0.06499999761581421
COI.AX,0.17499999701976776
NXG.AX,9.609999656677246
CWP.AX,5.619999885559082
TRE.AX,0.30000001192092896
3DA.AX,0.4000000059604645
RWC.AX,5.869999885559082
CCR.AX,0.3199999928474426
LVE.AX,0.13500000536441803
CST.AX,0.07800000160932541
BGD.AX,0.25
ARD.AX,0.017999999225139618
ASG.AX,2.069999933242798
HMI.AX,0.05700000002980232
ERD.AX,1.059999942779541
SNZ.AX,10.65999984741211
TWD.AX,2.6500000953674316
EDV.AX,5.019999980926514
CYL.AX,2.75
BMT.AX,0.3149999976158142
STN.AX,0.2800000011920929
PCL.AX,0.014999999664723873
IGL.AX,2.0399999618530273
HNG.AX,0.3199999928474426
JLG.AX,3.7300000190734863
CR1.AX,0.1550000011920929
WGX.AX,2.6700000762939453
HMG.AX,0.06800000369548798
1AD.AX,0.017000000923871994
PKD.AX,0.02199999988079071
MMA.AX,0.2199999988079071
WOW.AX,33.29999923706055
GWR.AX,0.0820000022649765
IPG.AX,5.079999923706055
N1H.AX,0.125
PFG.AX,0.2199999988079071
DTL.AX,7.579999923706055
GWA.AX,2.4100000858306885
OCC.AX,0.42500001192092896
AWJ.AX,0.35499998927116394
SVL.AX,0.09099999815225601
ARA.AX,0.48500001430511475
MGT.AX,0.1899999976158142
GNE.AX,1.9450000524520874
SRT.AX,0.1599999964237213
WTL.AX,0.09000000357627869
IPH.AX,6.079999923706055
VSL.AX,7.690000057220459
AVR.AX,12.199999809265137
BB1.AX,0.24500000476837158
RTH.AX,1.3899999856948853
TAM.AX,0.032999999821186066
AMI.AX,0.17499999701976776
DME.AX,0.10000000149011612
NHC.AX,5.210000038146973
OLH.AX,0.06400000303983688
ACU.AX,0.07900000363588333
NOL.AX,1.600000023841858
MSB.AX,1.1699999570846558
CMW.AX,0.44999998807907104
GOR.AX,1.7100000381469727
MFG.AX,10.020000457763672
EQX.AX,0.11999999731779099
MAF.AX,5.289999961853027
IFL.AX,2.630000114440918
GDM.AX,0.22499999403953552
AFG.AX,1.5950000286102295
CCA.AX,0.07500000298023224
BLX.AX,2.9200000762939453
HSN.AX,4.760000228881836
ALR.AX,0.004000000189989805
DDT.AX,0.003000000026077032
PUA.AX,0.0020000000949949026
CCZ.AX,0.004000000189989805
ASV.AX,0.02800000086426735
BRK.AX,0.5
BDX.AX,0.125
TYP.AX,0.017999999225139618
POL.AX,0.30000001192092896
SW1.AX,0.014999999664723873
SIX.AX,0.07000000029802322
SDR.AX,6.320000171661377
HIT.AX,1.9500000476837158
CSC.AX,11.819999694824219
GBE.AX,0.03999999910593033
EYE.AX,0.18250000476837158
SUL.AX,18.170000076293945
PRN.AX,1.090000033378601
AUQ.AX,0.03500000014901161
HGL.AX,0.17499999701976776
MCM.AX,0.14499999582767487
LBL.AX,0.6399999856948853
HGV.AX,0.05400000140070915
AAR.AX,0.11999999731779099
IPT.AX,0.013000000268220901
A1M.AX,0.3799999952316284
IMA.AX,0.06800000369548798
AFP.AX,3.0299999713897705
CVV.AX,0.18000000715255737
SHM.AX,0.7200000286102295
AEF.AX,4.369999885559082
SPK.AX,2.819999933242798
AIM.AX,0.7549999952316284
TBN.AX,0.15000000596046448
WTN.AX,1.600000023841858
PRG.AX,1.1349999904632568
RMC.AX,0.8799999952316284
FLX.AX,0.1599999964237213
SPD.AX,0.44999998807907104
ATA.AX,1.0199999809265137
RRL.AX,2.0399999618530273
CCG.AX,0.07599999755620956
BRL.AX,0.7850000262260437
ADT.AX,3.509999990463257
MAD.AX,4.960000038146973
NUF.AX,3.9700000286102295
AQN.AX,0.1899999976158142
JGH.AX,0.03999999910593033
ZGL.AX,0.06800000369548798
WGN.AX,0.8600000143051147
MMS.AX,15.329999923706055
SKC.AX,1.2899999618530273
HCW.AX,1.1649999618530273
KCC.AX,0.04399999976158142
AHC.AX,0.2549999952316284
TGM.AX,0.17000000178813934
MEU.AX,0.0364999994635582
SND.AX,0.8899999856948853
WIA.AX,0.14499999582767487
RFG.AX,0.06700000166893005
WA1.AX,15.079999923706055
EGG.AX,1.2999999523162842
EOL.AX,5.010000228881836
FFM.AX,1.065000057220459
TBR.AX,4.849999904632568
NEU.AX,15.140000343322754
MYR.AX,0.8299999833106995
OML.AX,1.315000057220459
SS1.AX,0.7749999761581421
ART.AX,0.30000001192092896
KLR.AX,0.00800000037997961
PGD.AX,0.20000000298023224
RDM.AX,0.11249999701976776
SUH.AX,0.023000000044703484
HIQ.AX,0.012000000104308128
NWC.AX,0.020999999716877937
STP.AX,1.7899999618530273
EMP.AX,0.017000000923871994
RHT.AX,0.05999999865889549
YRL.AX,0.09000000357627869
A1N.AX,0.6600000262260437
EIQ.AX,0.22499999403953552
BIO.AX,0.699999988079071
SIQ.AX,8.380000114440918
BTC.AX,0.06499999761581421
PDI.AX,0.25999999046325684
ZIP.AX,2.75
SHV.AX,3.680000066757202
RCE.AX,0.5350000262260437
GPR.AX,0.024000000208616257
QUE.AX,0.04899999871850014
WKT.AX,0.10000000149011612
USL.AX,0.2150000035762787
CKF.AX,8.739999771118164
SQ2.AX,96.36000061035156
HPR.AX,0.06300000101327896
CZR.AX,0.2750000059604645
ATX.AX,0.1599999964237213
COG.AX,0.9399999976158142
FRB.AX,0.11999999731779099
DOC.AX,0.07150000333786011
FBR.AX,0.05000000074505806
PXX.AX,0.009999999776482582
AXP.AX,0.0010000000474974513
TD1.AX,0.0010000000474974513
VPR.AX,0.0010000000474974513
WEL.AX,0.0010000000474974513
DDR.AX,9.399999618530273
HRN.AX,0.3700000047683716
KSN.AX,0.0860000029206276
ABB.AX,3.8499999046325684
CUP.AX,0.6600000262260437
M4M.AX,0.023000000044703484
SIV.AX,0.1599999964237213
BCI.AX,0.28999999165534973
WOT.AX,0.6899999976158142
MCP.AX,0.4050000011920929
EXR.AX,0.17499999701976776
CSX.AX,0.5
NSC.AX,0.4650000035762787
JHX.AX,57.43000030517578
RIC.AX,2.619999885559082
NCC.AX,0.38499999046325684
FML.AX,0.13500000536441803
NZK.AX,0.22499999403953552
SBM.AX,0.36000001430511475
TIA.AX,0.20499999821186066
GRX.AX,0.6700000166893005
EP1.AX,0.4950000047683716
A4N.AX,1.1050000190734863
AHL.AX,0.7300000190734863
KYP.AX,0.10999999940395355
ABA.AX,4.139999866485596
LMS.AX,0.10999999940395355
SNT.AX,0.0430000014603138
ORP.AX,
COY.AX,0.010999999940395355
MTC.AX,0.17000000178813934
IRE.AX,9.920000076293945
CCM.AX,0.06499999761581421
ADA.AX,0.4950000047683716
KLS.AX,4.130000114440918
CKA.AX,0.07999999821186066
GR8.AX,0.17000000178813934
AUN.AX,0.04699999839067459
SKY.AX,0.04600000008940697
BVS.AX,1.375
FDR.AX,0.04800000041723251
MHI.AX,0.1599999964237213
LSA.AX,0.11500000208616257
MME.AX,0.125
ELT.AX,0.08699999749660492
FLC.AX,0.09200000017881393
WZR.AX,0.027000000700354576
MTH.AX,0.625
EZL.AX,0.8274999856948853
EPN.AX,0.024000000208616257
BVR.AX,0.3199999928474426
WDS.AX,25.200000762939453
MGX.AX,0.33500000834465027
AVC.AX,0.550000011920929
BOE.AX,3.2899999618530273
GRV.AX,0.026000000536441803
AGE.AX,0.05000000074505806
ENR.AX,0.44999998807907104
A11.AX,0.25
VR8.AX,0.04500000178813934
AIZ.AX,0.48500001430511475
TPW.AX,13.270000457763672
AAM.AX,0.04600000008940697
KP2.AX,0.05400000140070915
EML.AX,0.6499999761581421
14D.AX,0.06700000166893005
RGT.AX,0.3499999940395355
MPK.AX,0.2150000035762787
EL8.AX,0.4000000059604645
WGR.AX,0.027000000700354576
PIQ.AX,0.6800000071525574
KAU.AX,0.1599999964237213
SQX.AX,0.09200000017881393
WTM.AX,0.29499998688697815
FDV.AX,0.4099999964237213
GSN.AX,0.01899999938905239
ALM.AX,0.008999999612569809
ROG.AX,0.007000000216066837
SXL.AX,0.47999998927116394
HPP.AX,0.041999999433755875
RTG.AX,0.0430000014603138
PLS.AX,3.2699999809265137
CWX.AX,0.09399999678134918
ASN.AX,0.07699999958276749
SWF.AX,0.125
TEK.AX,0.13500000536441803
GTE.AX,0.03400000184774399
AL3.AX,0.1550000011920929
TGN.AX,0.05700000002980232
S66.AX,0.1550000011920929
D3E.AX,0.15000000596046448
ICL.AX,0.039000000804662704
FRX.AX,0.00800000037997961
ABY.AX,1.0199999809265137
EPX.AX,0.023000000044703484
ARL.AX,0.4050000011920929
AVD.AX,0.5049999952316284
PWR.AX,1.6699999570846558
GHY.AX,0.699999988079071
DEG.AX,1.3899999856948853
CUV.AX,14.020000457763672
FZR.AX,0.11999999731779099
INV.AX,0.10999999940395355
LLC.AX,7.099999904632568
TLM.AX,0.24500000476837158
DHG.AX,3.200000047683716
CTN.AX,0.004000000189989805
LHM.AX,0.007000000216066837
BTR.AX,0.017000000923871994
SMP.AX,0.9350000023841858
ODY.AX,0.023000000044703484
PRS.AX,0.03500000014901161
AD1.AX,0.05000000074505806
ROC.AX,0.0989999994635582
RZI.AX,0.46000000834465027
SHL.AX,27.229999542236328
EMV.AX,2.0299999713897705
AKO.AX,0.1550000011920929
EVZ.AX,0.1599999964237213
GBR.AX,0.05700000002980232
WNX.AX,1.0
LMG.AX,0.03200000151991844
SIO.AX,0.18000000715255737
PVL.AX,0.0820000022649765
LIO.AX,0.024000000208616257
HLO.AX,1.965000033378601
AXI.AX,0.05999999865889549
YOW.AX,0.02500000037252903
AI1.AX,0.03999999910593033
IDX.AX,2.9700000286102295
ENX.AX,0.014999999664723873
QGL.AX,0.550000011920929
TRP.AX,0.35499998927116394
1AI.AX,0.007000000216066837
AJL.AX,0.008999999612569809
CND.AX,0.032999999821186066
AHX.AX,0.41999998688697815
B4P.AX,0.9350000023841858
AUA.AX,0.0560000017285347
AMN.AX,0.1599999964237213
GAS.AX,0.05299999937415123
DMM.AX,0.057999998331069946
NEC.AX,1.2549999952316284
BC8.AX,0.46000000834465027
PHX.AX,0.04699999839067459
ADC.AX,0.057999998331069946
M7T.AX,0.5550000071525574
PVT.AX,0.010999999940395355
MDX.AX,0.04500000178813934
SGM.AX,12.65999984741211
BBT.AX,0.2150000035762787
AD8.AX,9.779999732971191
TM1.AX,0.03799999877810478
VN8.AX,0.041999999433755875
CGS.AX,1.034999966621399
AON.AX,0.02500000037252903
OCA.AX,0.6949999928474426
AGD.AX,0.02800000086426735
IVT.AX,0.027000000700354576
BOC.AX,0.47999998927116394
HTM.AX,0.14499999582767487
ZIM.AX,16.200000762939453
G50.AX,0.17499999701976776
GML.AX,0.023499999195337296
CVC.AX,1.850000023841858
MEK.AX,0.061000000685453415
SMI.AX,0.7433329820632935
AMO.AX,0.1899999976158142
KRM.AX,0.03700000047683716
LAU.AX,0.9100000262260437
MYX.AX,4.590000152587891
XRG.AX,0.03700000047683716
DMP.AX,35.45000076293945
MAT.AX,0.032999999821186066
ENT.AX,0.004000000189989805
NZS.AX,0.0020000000949949026
RBR.AX,0.0010000000474974513
TAL.AX,
DLM.AX,0.03200000151991844
AER.AX,0.06800000369548798
ARI.AX,0.029999999329447746
SHG.AX,0.09000000357627869
VNL.AX,0.10499999672174454
NOU.AX,0.125
AU1.AX,0.017999999225139618
DRX.AX,0.02500000037252903
HXG.AX,0.023000000044703484
EGY.AX,0.03500000014901161
X2M.AX,0.03799999877810478
ACL.AX,3.6700000762939453
PCG.AX,0.6800000071525574
LIC.AX,8.430000305175781
SNG.AX,0.07199999690055847
ALK.AX,0.44999998807907104
CPV.AX,0.45500001311302185
VMM.AX,0.7049999833106995
DNA.AX,0.03200000151991844
MXI.AX,1.840000033378601
RVT.AX,0.29499998688697815
TAT.AX,0.039000000804662704
GEN.AX,0.07800000160932541
PGY.AX,0.019999999552965164
CLG.AX,0.20999999344348907
SFM.AX,0.03700000047683716
SP3.AX,0.01899999938905239
TRU.AX,0.019999999552965164
OMX.AX,0.029999999329447746
APE.AX,10.920000076293945
NVO.AX,0.11500000208616257
OEQ.AX,0.14499999582767487
EGR.AX,0.09200000017881393
RPG.AX,0.009999999776482582
AVG.AX,0.1550000011920929
AZY.AX,0.024000000208616257
CG1.AX,0.06800000369548798
MAG.AX,0.06300000101327896
TRI.AX,0.01899999938905239
BBC.AX,0.33000001311302185
HZR.AX,0.36500000953674316
FLN.AX,0.18000000715255737
ALA.AX,0.1550000011920929
AUC.AX,0.4749999940395355
GLA.AX,0.017000000923871994
AGR.AX,0.04100000113248825
ADH.AX,2.069999933242798
GRR.AX,0.2800000011920929
AR9.AX,0.06949999928474426
CBY.AX,0.03400000184774399
IME.AX,0.47999998927116394
AUR.AX,0.004999999888241291
MSI.AX,0.004000000189989805
CTD.AX,12.899999618530273
MPA.AX,0.07000000029802322
EPY.AX,0.1850000023841858
STG.AX,0.42500001192092896
ORA.AX,2.7300000190734863
KAR.AX,1.565000057220459
DUR.AX,1.4199999570846558
OPT.AX,0.7749999761581421
MEI.AX,0.10999999940395355
SKO.AX,2.7200000286102295
TVN.AX,0.04699999839067459
ACS.AX,0.006000000052154064
CUL.AX,0.006000000052154064
CUF.AX,0.00800000037997961
DEM.AX,0.14499999582767487
SLH.AX,1.3300000429153442
EMUCA.AX,0.8906300067901611
DVL.AX,0.009999999776482582
FGH.AX,0.004000000189989805
LRD.AX,0.03200000151991844
RAG.AX,0.017999999225139618
AGI.AX,0.8199999928474426
BEO.AX,0.029999999329447746
BTE.AX,0.07000000029802322
MX1.AX,0.06700000166893005
ESK.AX,0.19499999284744263
DCC.AX,0.041999999433755875
AR1.AX,0.1599999964237213
PTM.AX,1.1699999570846558
UVA.AX,0.07599999755620956
IVXDB.AX,0.30000001192092896
PPS.AX,0.5849999785423279
CTO.AX,0.004999999888241291
SIT.AX,0.0020000000949949026
TAS.AX,0.004999999888241291
CCP.AX,15.529999732971191
SVR.AX,1.309999942779541
BAP.AX,5.309999942779541
KLI.AX,0.17499999701976776
ENN.AX,0.8199999928474426
EOS.AX,1.4149999618530273
JAN.AX,0.20499999821186066
IMC.AX,0.10499999672174454
TEG.AX,0.004999999888241291
CRS.AX,0.02800000086426735
ERA.AX,0.007000000216066837
RIM.AX,0.04699999839067459
RSH.AX,0.035999998450279236
WWI.AX,0.014999999664723873
CXU.AX,0.01963699981570244
DEL.AX,0.10000000149011612
BCC.AX,0.14000000059604645
IEL.AX,15.899999618530273
AGC.AX,0.24500000476837158
HMY.AX,0.4000000059604645
MAN.AX,0.02800000086426735
WWG.AX,0.12999999523162842
UBN.AX,0.4399999976158142
HUM.AX,0.8399999737739563
HAV.AX,0.20499999821186066
MFD.AX,0.550000011920929
HCH.AX,0.8650000095367432
TZL.AX,0.01899999938905239
KGL.AX,0.09700000286102295
DDB.AX,0.25999999046325684
LRV.AX,0.375
BRI.AX,1.4850000143051147
QEM.AX,0.10499999672174454
ILU.AX,6.96999979019165
FWD.AX,1.8450000286102295
VTM.AX,0.38499999046325684
ARR.AX,0.29249998927116394
VHM.AX,0.5
GLH.AX,0.14000000059604645
HFR.AX,0.33000001311302185
ATP.AX,0.125
TOT.AX,0.42500001192092896
MM8.AX,0.05299999937415123
5GN.AX,0.14749999344348907
C79.AX,5.75
AME.AX,0.06400000303983688
EXP.AX,0.13500000536441803
ERL.AX,0.003000000026077032
FAU.AX,0.0010000000474974513
AYT.AX,0.004000000189989805
MVL.AX,0.010999999940395355
IRX.AX,0.032999999821186066
LGP.AX,0.09000000357627869
ZMI.AX,0.00800000037997961
LYN.AX,0.29499998688697815
HTA.AX,0.027000000700354576
EVG.AX,0.027000000700354576
KAM.AX,0.054999999701976776
DES.AX,0.10999999940395355
4DX.AX,0.675000011920929
ECS.AX,0.01899999938905239
ACW.AX,0.024000000208616257
SMS.AX,0.0560000017285347
NRX.AX,0.01600000075995922
IIQ.AX,0.5
IKE.AX,0.5649999976158142
TMS.AX,0.013000000268220901
NAN.AX,3.690000057220459
G11.AX,0.017999999225139618
BUR.AX,0.07000000029802322
KNO.AX,0.04899999871850014
CNQ.AX,0.33000001311302185
CYC.AX,1.5199999809265137
DVP.AX,2.4800000190734863
CRN.AX,1.2050000429153442
BBN.AX,1.8049999475479126
AYA.AX,0.25999999046325684
EFEDA.AX,0.03999999910593033
EXT.AX,0.010999999940395355
FFF.AX,0.009999999776482582
LCY.AX,0.013000000268220901
MPR.AX,0.008999999612569809
PAB.AX,0.006000000052154064
TI1.AX,0.3499999940395355
GDA.AX,0.26499998569488525
S2R.AX,0.07999999821186066
POD.AX,0.03999999910593033
IAM.AX,0.050999999046325684
BUS.AX,0.11500000208616257
RON.AX,0.10499999672174454
29M.AX,0.5149999856948853
FCL.AX,1.399999976158142
DTZ.AX,0.09000000357627869
AHF.AX,0.017999999225139618
TRS.AX,3.2100000381469727
CMP.AX,0.30000001192092896
PPL.AX,0.026000000536441803
BRU.AX,0.06700000166893005
WSI.AX,0.11500000208616257
MAY.AX,0.039000000804662704
AVA.AX,0.09799999743700027
ARX.AX,0.5649999976158142
TIP.AX,1.2999999523162842
RCR.AX,0.026000000536441803
NXM.AX,0.04600000008940697
DSK.AX,1.1549999713897705
MRL.AX,0.29499998688697815
RWL.AX,0.2549999952316284
OEL.AX,0.013000000268220901
HLX.AX,0.0044999998062849045
SRY.AX,0.004000000189989805
TAR.AX,0.009999999776482582
TEE.AX,0.0989999994635582
NOX.AX,0.10499999672174454
M2M.AX,0.03700000047683716
IMR.AX,0.5600000023841858
LGL.AX,1.6799999475479126
HGH.AX,0.9549999833106995
NMR.AX,0.019999999552965164
BDM.AX,0.13500000536441803
VMT.AX,0.11500000208616257
NAC.AX,0.4950000047683716
BWF.AX,0.4099999964237213
ODA.AX,0.19499999284744263
FBU.AX,2.6500000953674316
MKT.AX,
STK.AX,0.0949999988079071
TML.AX,0.04800000041723251
GAP.AX,0.125
ALB.AX,0.04600000008940697
KZR.AX,0.07800000160932541
PEC.AX,0.008500000461935997
VKA.AX,0.00800000037997961
BGT.AX,0.04699999839067459
ETM.AX,0.024000000208616257
PAM.AX,0.052000001072883606
MOZ.AX,0.035999998450279236
LTM.AX,4.239999771118164
GGE.AX,0.004000000189989805
ERM.AX,0.0430000014603138
ATC.AX,0.03799999877810478
I88.AX,0.5099999904632568
REX.AX,0.5649999976158142
BMG.AX,0.009999999776482582
CAV.AX,0.004000000189989805
EMT.AX,0.004000000189989805
NUC.AX,0.14499999582767487
FRM.AX,0.10499999672174454
RDG.AX,0.028999999165534973
CMG.AX,0.20000000298023224
TYR.AX,0.9399999976158142
NGX.AX,0.1599999964237213
MLS.AX,0.024000000208616257
NGY.AX,0.020999999716877937
ST1.AX,0.05700000002980232
AJX.AX,0.010999999940395355
T88.AX,0.15000000596046448
LRS.AX,0.22499999403953552
WMG.AX,0.25
ICN.AX,0.006000000052154064
NTM.AX,0.004000000189989805
EQS.AX,0.023000000044703484
MXR.AX,0.04500000178813934
TAH.AX,0.5049999952316284
VRS.AX,0.04399999976158142
SEN.AX,0.023000000044703484
SWP.AX,0.2150000035762787
AFL.AX,0.125
AXE.AX,0.22499999403953552
AGH.AX,0.039000000804662704
EDU.AX,0.07000000029802322
KKO.AX,0.0949999988079071
DMG.AX,0.006000000052154064
FHS.AX,0.006000000052154064
APS.AX,0.03700000047683716
NVX.AX,0.699999988079071
ASE.AX,0.027000000700354576
BEL.AX,0.010999999940395355
EQR.AX,0.050999999046325684
PHO.AX,0.03999999910593033
TZN.AX,0.04399999976158142
BML.AX,0.11999999731779099
JCS.AX,0.03099999949336052
CAI.AX,0.11500000208616257
TOY.AX,0.07100000232458115
GTH.AX,0.017999999225139618
ARU.AX,0.17499999701976776
BAS.AX,0.07900000363588333
TOR.AX,0.07599999755620956
ASP.AX,0.006000000052154064
ACE.AX,0.8299999833106995
PLG.AX,0.019999999552965164
HOR.AX,0.007000000216066837
XAM.AX,0.06199999898672104
PVE.AX,0.03500000014901161
XST.AX,0.008999999612569809
C29.AX,0.06700000166893005
SPN.AX,0.1850000023841858
LV1.AX,0.5699999928474426
MBK.AX,0.01899999938905239
GUE.AX,0.07199999690055847
NTD.AX,0.38499999046325684
MTO.AX,1.6749999523162842
TFL.AX,0.014000000432133675
SRJ.AX,0.054999999701976776
CHL.AX,1.2599999904632568
IOD.AX,0.16500000655651093
MGA.AX,0.09799999743700027
IXC.AX,0.07500000298023224
PFE.AX,0.02664799988269806
MBH.AX,0.06400000303983688
CBL.AX,0.06800000369548798
BET.AX,0.0820000022649765
ZEO.AX,0.03099999949336052
WR1.AX,0.5699999928474426
VMC.AX,0.061000000685453415
KM1.AX,0.12999999523162842
HE8.AX,0.01600000075995922
KGN.AX,5.139999866485596
SOR.AX,0.039000000804662704
AQC.AX,0.16396699845790863
LRK.AX,1.0
ANX.AX,0.02199999988079071
AOA.AX,0.003000000026077032
ATG.AX,0.39500001072883606
ATH.AX,0.003000000026077032
AUH.AX,0.0020000000949949026
AUK.AX,0.00800000037997961
AYM.AX,0.0020000000949949026
BKY.AX,0.36000001430511475
COD.AX,0.09000000357627869
CR9.AX,0.00800000037997961
CT1.AX,0.0020000000949949026
ECT.AX,0.0020000000949949026
GCR.AX,0.0020000000949949026
GTI.AX,0.004999999888241291
LML.AX,0.006000000052154064
MTL.AX,0.001500000013038516
NVA.AX,0.13500000536441803
NYR.AX,0.06499999761581421
R8R.AX,0.10000000149011612
RNU.AX,0.08100000023841858
SFG.AX,0.0024999999441206455
TIG.AX,0.004000000189989805
XTC.AX,0.20000000298023224
LOM.AX,0.03999999910593033
RDN.AX,0.04399999976158142
CAZ.AX,0.014999999664723873
CLE.AX,0.019999999552965164
SER.AX,0.02199999988079071
TGH.AX,0.03400000184774399
LBT.AX,0.01600000075995922
H2G.AX,0.004999999888241291
ADG.AX,0.004000000189989805
VFX.AX,
PKO.AX,0.004000000189989805
AO1.AX,0.0010000000474974513
KEY.AX,0.0010000000474974513
SFX.AX,0.3100000023841858
AIS.AX,0.23499999940395355
PNT.AX,0.020999999716877937
ASQ.AX,0.02199999988079071
RPM.AX,0.07000000029802322
DYM.AX,0.19499999284744263
HIO.AX,0.026000000536441803
OEC.AX,0.07900000363588333
ARC.AX,0.08799999952316284
CTM.AX,0.47999998927116394
VTX.AX,0.17499999701976776
PL3.AX,0.0820000022649765
SRK.AX,0.032999999821186066
INR.AX,0.23000000417232513
EMS.AX,0.019999999552965164
BLG.AX,0.02500000037252903
DAF.AX,0.009999999776482582
PWN.AX,0.010999999940395355
PLC.AX,0.010999999940395355
SYR.AX,0.25
INF.AX,0.032999999821186066
TRJ.AX,1.284999966621399
CRD.AX,1.1449999809265137
MGL.AX,0.22499999403953552
OLI.AX,0.009999999776482582
BUB.AX,0.125
EVS.AX,0.07900000363588333
TTM.AX,0.4399999976158142
GBZ.AX,0.008999999612569809
ADN.AX,0.007000000216066837
KME.AX,0.4300000071525574
SBW.AX,0.04500000178813934
GRL.AX,0.014999999664723873
NTI.AX,0.05999999865889549
DGL.AX,0.4699999988079071
PCK.AX,0.029999999329447746
TEM.AX,0.009999999776482582
CTT.AX,1.8650000095367432
LIT.AX,0.020999999716877937
MAP.AX,0.1850000023841858
AVL.AX,0.014000000432133675
AHK.AX,0.1850000023841858
SGQ.AX,0.03500000014901161
PPG.AX,0.05000000074505806
RBD.AX,3.4200000762939453
FGR.AX,0.04699999839067459
BRN.AX,0.23499999940395355
IMU.AX,0.04899999871850014
THL.AX,1.6050000190734863
SRI.AX,0.014999999664723873
4DS.AX,0.08399999886751175
FXG.AX,0.11500000208616257
ADY.AX,0.008999999612569809
PEB.AX,0.14000000059604645
RNT.AX,0.01899999938905239
AZI.AX,0.029999999329447746
HAL.AX,0.06300000101327896
KNG.AX,0.2199999988079071
MEM.AX,0.008999999612569809
ILA.AX,0.07999999821186066
MNB.AX,0.05900000035762787
ASM.AX,0.5600000023841858
RLC.AX,0.003000000026077032
BIT.AX,0.01899999938905239
DTI.AX,0.008999999612569809
SWM.AX,0.17499999701976776
CLU.AX,0.035999998450279236
QHL.AX,0.26499998569488525
CRB.AX,0.004000000189989805
CNB.AX,0.45500001311302185
RLT.AX,0.8450000286102295
G1A.AX,0.05900000035762787
HMX.AX,0.03500000014901161
L1M.AX,0.07199999690055847
HAW.AX,0.061000000685453415
UBI.AX,0.15000000596046448
KRR.AX,0.008999999612569809
MCA.AX,0.14499999582767487
CUS.AX,0.05700000002980232
MDI.AX,0.01600000075995922
ADO.AX,0.020999999716877937
IG6.AX,0.07199999690055847
SNS.AX,0.050999999046325684
OKJ.AX,0.009999999776482582
PTX.AX,0.04100000113248825
WA8.AX,0.05999999865889549
AVH.AX,3.0199999809265137
SGR.AX,0.29499998688697815
AVE.AX,0.0020000000949949026
DOU.AX,0.004999999888241291
HT8.AX,0.009999999776482582
NAE.AX,0.006000000052154064
SKN.AX,0.004000000189989805
SRN.AX,0.007000000216066837
TMX.AX,0.0044999998062849045
MHJ.AX,0.5
WLD.AX,0.07199999690055847
HLS.AX,1.725000023841858
TER.AX,0.20499999821186066
T92.AX,0.06400000303983688
CI1.AX,0.10999999940395355
VR1.AX,0.00800000037997961
EGN.AX,0.1850000023841858
NSX.AX,0.01899999938905239
OVT.AX,0.004000000189989805
1AE.AX,0.05299999937415123
AMD.AX,0.0020000000949949026
IPB.AX,0.004999999888241291
RKT.AX,0.014999999664723873
JAL.AX,0.05700000002980232
ABX.AX,0.03999999910593033
ADV.AX,0.13500000536441803
NWF.AX,0.08900000154972076
BCA.AX,0.06499999761581421
EUR.AX,0.03700000047683716
JNO.AX,0.03099999949336052
ION.AX,0.014000000432133675
IGO.AX,5.860000133514404
A1G.AX,0.0430000014603138
NWM.AX,0.02199999988079071
EM2.AX,0.05000000074505806
LDR.AX,0.10000000149011612
AKG.AX,0.14000000059604645
ASR.AX,0.004999999888241291
IEC.AX,0.0010000000474974513
MRQ.AX,0.0035000001080334187
TTI.AX,0.004000000189989805
PEK.AX,0.1899999976158142
OLL.AX,0.014000000432133675
MRI.AX,0.008999999612569809
AKP.AX,6.199999809265137
KMD.AX,0.4699999988079071
NXS.AX,0.1899999976158142
AEE.AX,0.17000000178813934
CYM.AX,0.03700000047683716
WC8.AX,0.2849999964237213
AZL.AX,0.014999999664723873
AFA.AX,0.029999999329447746
PPY.AX,0.007000000216066837
CEL.AX,0.05400000140070915
WC1.AX,0.024000000208616257
LEL.AX,0.32499998807907104
MKR.AX,0.03400000184774399
HXL.AX,0.017000000923871994
APL.AX,0.14000000059604645
GTG.AX,0.039000000804662704
REZ.AX,0.026000000536441803
OPL.AX,0.017000000923871994
E25.AX,0.33500000834465027
EVR.AX,0.004999999888241291
RGL.AX,0.004999999888241291
VAR.AX,0.008200000040233135
UNT.AX,0.01899999938905239
CCE.AX,0.03799999877810478
MRC.AX,0.026000000536441803
CCX.AX,0.13500000536441803
NUH.AX,0.08100000023841858
PIL.AX,0.006000000052154064
AQX.AX,0.008999999612569809
ZMM.AX,0.008999999612569809
ALC.AX,0.06199999898672104
RXL.AX,0.13500000536441803
CLV.AX,0.5099999904632568
SSH.AX,0.07000000029802322
LLL.AX,0.5049999952316284
BCK.AX,0.014999999664723873
SHN.AX,0.013500000350177288
CHM.AX,0.014000000432133675
LIS.AX,0.11500000208616257
EMD.AX,0.03200000151991844
SMN.AX,0.5799999833106995
MOV.AX,0.33000001311302185
PMT.AX,0.4300000071525574
ADS.AX,0.0010000000474974513
EDE.AX,0.0020000000949949026
KNM.AX,0.0020000000949949026
ESR.AX,0.009999999776482582
HCD.AX,0.003000000026077032
IBG.AX,0.0020000000949949026
SHE.AX,0.008999999612569809
GGX.AX,0.0010000000474974513
CDT.AX,0.003000000026077032
BDT.AX,0.06599999964237213
OAK.AX,0.06199999898672104
CVB.AX,0.1550000011920929
ERW.AX,0.09799999743700027
BKT.AX,0.050999999046325684
CF1.AX,0.25999999046325684
PLN.AX,0.15000000596046448
TOE.AX,0.23499999940395355
BDG.AX,0.014000000432133675
MRR.AX,0.00800000037997961
MPP.AX,0.05000000074505806
XGL.AX,0.02800000086426735
GAL.AX,0.1550000011920929
BSX.AX,0.03700000047683716
TLG.AX,0.39500001072883606
CSS.AX,0.1550000011920929
CL8.AX,0.013000000268220901
BPM.AX,0.10499999672174454
STX.AX,0.2199999988079071
ETR.AX,0.007000000216066837
RDS.AX,0.004000000189989805
SPX.AX,0.009999999776482582
REY.AX,0.035999998450279236
UCM.AX,0.014000000432133675
QML.AX,0.10000000149011612
DY6.AX,0.04500000178813934
IXR.AX,0.00800000037997961
NSB.AX,0.03500000014901161
FSG.AX,0.020999999716877937
CLA.AX,0.012000000104308128
GTR.AX,0.004000000189989805
OSL.AX,0.014000000432133675
DTM.AX,0.01600000075995922
LTR.AX,0.8050000071525574
CMX.AX,0.03500000014901161
DTR.AX,0.004999999888241291
ANO.AX,0.7799999713897705
RFA.AX,0.012000000104308128
BYH.AX,0.004000000189989805
VTI.AX,0.125
AXN.AX,0.041999999433755875
FEG.AX,0.16500000655651093
NNL.AX,0.07000000029802322
BIM.AX,0.09000000357627869
PV1.AX,0.01600000075995922
1CG.AX,
ADX.AX,
ICE.AX,
EOF.AX,0.03200000151991844
RRR.AX,0.0430000014603138
CYQ.AX,0.004999999888241291
LNU.AX,0.001500000013038516
MEL.AX,0.004000000189989805
NES.AX,0.003000000026077032
OPN.AX,0.006000000052154064
RIL.AX,0.007000000216066837
SIS.AX,0.004000000189989805
TSL.AX,0.004000000189989805
BUY.AX,0.004999999888241291
5GG.AX,0.032999999821186066
FME.AX,0.020999999716877937
REM.AX,0.028999999165534973
ATV.AX,0.04100000113248825
CGO.AX,0.07599999755620956
LEX.AX,0.07599999755620956
BSN.AX,0.03500000014901161
KPO.AX,0.015759000554680824
ALY.AX,0.00800000037997961
AML.AX,0.004999999888241291
OSM.AX,0.2800000011920929
ASH.AX,0.1850000023841858
CGR.AX,0.06800000369548798
KNI.AX,0.1899999976158142
GED.AX,0.03799999877810478
BCB.AX,0.012000000104308128
MXO.AX,0.026000000536441803
CXM.AX,0.03999999910593033
ERG.AX,0.009999999776482582
HYD.AX,0.013000000268220901
SNX.AX,0.07100000232458115
CAE.AX,0.041999999433755875
ID8.AX,0.012000000104308128
SAN.AX,0.00800000037997961
OZZ.AX,0.054999999701976776
EME.AX,0.08500000089406967
HAR.AX,0.03999999910593033
HTG.AX,0.017999999225139618
EMC.AX,0.125
AW1.AX,0.10999999940395355
E79.AX,0.02800000086426735
CDX.AX,0.05900000035762787
EPM.AX,0.006000000052154064
A8G.AX,0.10999999940395355
8CO.AX,0.04100000113248825
FTC.AX,0.004999999888241291
VRC.AX,0.0035000001080334187
BUX.AX,0.06199999898672104
PGO.AX,0.09399999678134918
STM.AX,0.004999999888241291
SRH.AX,0.04100000113248825
BLU.AX,0.008999999612569809
GNM.AX,0.01600000075995922
TSI.AX,0.03999999910593033
MTM.AX,0.06700000166893005
RFX.AX,0.09700000286102295
RLF.AX,0.04899999871850014
AMA.AX,0.05700000002980232
SOP.AX,0.07500000298023224
THR.AX,0.01600000075995922
AMS.AX,0.04100000113248825
DKM.AX,0.11999999731779099
ENV.AX,0.009999999776482582
SI6.AX,0.0010000000474974513
WFL.AX,0.003000000026077032
TMG.AX,0.03200000151991844
MTB.AX,0.0020000000949949026
CZN.AX,0.004999999888241291
AVW.AX,0.0010000000474974513
MRD.AX,0.0010000000474974513
ATS.AX,0.008999999612569809
FIN.AX,0.004999999888241291
HFY.AX,0.009999999776482582
ICR.AX,0.014000000432133675
RLG.AX,0.004000000189989805
BRX.AX,0.25
REE.AX,0.012000000104308128
ARN.AX,0.07900000363588333
FTZ.AX,0.026000000536441803
ZNC.AX,0.04899999871850014
NOV.AX,0.07800000160932541
EMN.AX,0.04800000041723251
ICI.AX,0.023000000044703484
TYX.AX,0.004999999888241291
DGR.AX,0.01600000075995922
AT1.AX,0.020999999716877937
CMO.AX,0.02800000086426735
LKY.AX,0.02500000037252903
RB6.AX,0.07100000232458115
OCT.AX,0.09600000083446503
5EA.AX,0.07400000095367432
AM7.AX,0.03400000184774399
SRL.AX,0.41499999165534973
SVY.AX,0.03099999949336052
OBL.AX,1.1100000143051147
PPE.AX,0.8500000238418579
IPD.AX,0.0560000017285347
RMI.AX,0.013000000268220901
AQI.AX,0.027000000700354576
TG1.AX,0.03500000014901161
VML.AX,0.003000000026077032
ARV.AX,0.013000000268220901
JBY.AX,0.15000000596046448
KGD.AX,0.008999999612569809
AEV.AX,0.010999999940395355
BCM.AX,0.012000000104308128
AS1.AX,0.014999999664723873
KTA.AX,0.012000000104308128
CPN.AX,0.05400000140070915
BEZ.AX,0.08299999684095383
C7A.AX,0.008999999612569809
KAI.AX,0.013000000268220901
MKG.AX,0.008999999612569809
W2V.AX,0.009999999776482582
88E.AX,0.0024999999441206455
HCT.AX,0.024000000208616257
ALV.AX,0.10000000149011612
QPM.AX,0.035999998450279236
BM8.AX,0.10499999672174454
BNZ.AX,0.1899999976158142
AN1.AX,0.00800000037997961
CPO.AX,0.028999999165534973
SSR.AX,8.550000190734863
FRS.AX,0.014999999664723873
SOC.AX,0.10000000149011612
FL1.AX,0.14499999582767487
TKM.AX,0.03099999949336052
BOA.AX,0.01899999938905239
BNL.AX,0.004000000189989805
RWD.AX,0.04100000113248825
PR1.AX,0.0989999994635582
JAV.AX,0.003000000026077032
HHR.AX,0.006500000134110451
RLL.AX,0.009999999776482582
M3M.AX,0.039000000804662704
CDR.AX,0.019999999552965164
AR3.AX,0.11999999731779099
PSL.AX,0.01899999938905239
PNN.AX,0.125
SMX.AX,0.03099999949336052
CAN.AX,0.08987700194120407
EE1.AX,0.017999999225139618
STA.AX,0.0949999988079071
NFL.AX,0.10499999672174454
AKN.AX,0.004999999888241291
WNR.AX,0.006000000052154064
WBT.AX,1.9049999713897705
TON.AX,0.010999999940395355
HCL.AX,0.1899999976158142
MKL.AX,0.05299999937415123
CTQ.AX,0.012000000104308128
NYM.AX,0.02199999988079071
1TT.AX,
MBX.AX,0.004000000189989805
MOH.AX,0.007000000216066837
MOM.AX,0.004000000189989805
OAR.AX,0.0020000000949949026
RML.AX,0.0020000000949949026
OM1.AX,0.07800000160932541
WEC.AX,0.041999999433755875
SBR.AX,0.014999999664723873
WHK.AX,0.012000000104308128
PUR.AX,0.0020000000949949026
DBO.AX,0.01600000075995922
WBE.AX,0.00800000037997961
BPH.AX,0.012000000104308128
LCL.AX,0.009999999776482582
QXR.AX,0.007000000216066837
AHN.AX,0.006000000052154064
PRX.AX,0.0020000000949949026
DAL.AX,0.02500000037252903
WAK.AX,0.052000001072883606
AAJ.AX,0.01600000075995922
LRL.AX,0.17000000178813934
FBM.AX,0.019999999552965164
ITM.AX,0.07500000298023224
CXL.AX,1.1549999713897705
NPM.AX,0.013000000268220901
BFC.AX,0.003000000026077032
LEG.AX,0.012000000104308128
SCT.AX,0.5199999809265137
FG1.AX,0.02800000086426735
EXL.AX,0.004999999888241291
INP.AX,0.004999999888241291
ENL.AX,0.07000000029802322
PNM.AX,0.024000000208616257
EWC.AX,0.009999999776482582
PHL.AX,0.010999999940395355
FTL.AX,0.0989999994635582
SOM.AX,0.4000000059604645
THB.AX,0.017000000923871994
AGY.AX,0.03799999877810478
HRE.AX,0.03200000151991844
LIN.AX,0.10499999672174454
DLI.AX,0.23499999940395355
NC6.AX,0.01899999938905239
DCL.AX,0.010999999940395355
HVY.AX,0.09300000220537186
LYK.AX,0.024000000208616257
JLL.AX,0.25
NC1.AX,0.10000000149011612
BNR.AX,0.04800000041723251
ODE.AX,0.004000000189989805
RIE.AX,0.0010000000474974513
PTR.AX,0.04500000178813934
RAS.AX,0.017999999225139618
SHP.AX,0.009999999776482582
NET.AX,0.003000000026077032
PRM.AX,0.006000000052154064
TX3.AX,
TNY.AX,0.0820000022649765
DRE.AX,0.01600000075995922
YOJ.AX,0.08299999684095383
PAR.AX,0.19499999284744263
SRR.AX,0.03400000184774399
MIO.AX,0.05999999865889549
AUZ.AX,0.007000000216066837
BTH.AX,0.1599999964237213
LU7.AX,0.010999999940395355
PVW.AX,0.02199999988079071
MVP.AX,0.4399999976158142
FCT.AX,0.02800000086426735
MGU.AX,0.012000000104308128
LM8.AX,0.16500000655651093
ADR.AX,0.012000000104308128
FFG.AX,0.008999999612569809
GW1.AX,0.03999999910593033
EG1.AX,0.04100000113248825
SPL.AX,0.10000000149011612
T3D.AX,0.006000000052154064
OD6.AX,0.04399999976158142
NSM.AX,0.017999999225139618
IVZ.AX,0.07699999958276749
AHI.AX,0.09200000017881393
MQR.AX,0.014999999664723873
GRE.AX,0.10999999940395355
RMX.AX,0.009999999776482582
G6M.AX,0.02500000037252903
PAT.AX,0.03500000014901161
MNS.AX,0.041999999433755875
PFT.AX,0.017000000923871994
OZM.AX,0.03799999877810478
BGE.AX,0.019999999552965164
SM1.AX,0.3799999952316284
ZNO.AX,0.024000000208616257
M24.AX,0.012000000104308128
KOR.AX,0.00800000037997961
8IH.AX,0.007000000216066837
MHK.AX,0.17000000178813934
PIM.AX,0.052000001072883606
CHN.AX,1.5399999618530273
NAG.AX,0.014999999664723873
KNB.AX,0.010999999940395355
RAD.AX,0.02800000086426735
DUN.AX,0.032999999821186066
GLN.AX,0.11999999731779099
BTN.AX,0.061000000685453415
TMB.AX,0.03700000047683716
VRX.AX,0.041999999433755875
SLZ.AX,0.006000000052154064
HPC.AX,0.008999999612569809
SYA.AX,0.03500000014901161
DM1.AX,0.02199999988079071
GMN.AX,0.003000000026077032
ZLD.AX,0.75
LDX.AX,0.03700000047683716
NHE.AX,0.05000000074505806
SCN.AX,0.01899999938905239
RTR.AX,0.04399999976158142
TG6.AX,0.14000000059604645
KFM.AX,0.0860000029206276
MI6.AX,0.12999999523162842
BOD.AX,0.024000000208616257
BMM.AX,0.052000001072883606
TNC.AX,0.032999999821186066
G88.AX,0.012000000104308128
SVG.AX,0.02199999988079071
IXU.AX,0.014999999664723873
LLI.AX,0.15000000596046448
HMD.AX,0.020999999716877937
MRZ.AX,0.05299999937415123
RNE.AX,0.0020000000949949026
SPQ.AX,0.00800000037997961
BP8.AX,0.003000000026077032
EEL.AX,0.0020000000949949026
CPM.AX,0.05400000140070915
GLL.AX,0.013000000268220901
BLZ.AX,0.004000000189989805
BXN.AX,0.013000000268220901
PLL.AX,0.13500000536441803
LPM.AX,0.11500000208616257
M2R.AX,0.007000000216066837
BMO.AX,0.007000000216066837
YAR.AX,0.003000000026077032
3DP.AX,0.04899999871850014
GSM.AX,0.012000000104308128
GL1.AX,0.2199999988079071
EV1.AX,0.03700000047683716
TMK.AX,0.003000000026077032
TTA.AX,0.003000000026077032
LNR.AX,0.004000000189989805
NMT.AX,0.125
CMD.AX,0.006000000052154064
LVH.AX,0.04500000178813934
MHC.AX,0.001500000013038516
CRR.AX,0.008999999612569809
FRE.AX,0.057999998331069946
JRV.AX,0.014000000432133675
AS2.AX,0.02199999988079071
ICG.AX,0.004999999888241291
COB.AX,0.0820000022649765
AIV.AX,0.004999999888241291
VBS.AX,0.07999999821186066
RBX.AX,0.03400000184774399
ASO.AX,0.014000000432133675
LPD.AX,0.003000000026077032
OXT.AX,0.017000000923871994
VEN.AX,0.008999999612569809
CY5.AX,0.08500000089406967
GCM.AX,0.0020000000949949026
RFT.AX,0.00800000037997961
ZEU.AX,0.008999999612569809
IR1.AX,0.19499999284744263
IMI.AX,0.03500000014901161
VIT.AX,0.07599999755620956
CHR.AX,0.0860000029206276
IND.AX,0.17499999701976776
LSR.AX,0.0010000000474974513
DUB.AX,0.029999999329447746
NIS.AX,0.014999999664723873
ACM.AX,0.07999999821186066
CC9.AX,0.14499999582767487
APX.AX,1.9600000381469727
SLB.AX,0.0860000029206276
BCT.AX,0.003000000026077032
NIM.AX,0.06199999898672104
XPN.AX,0.00800000037997961
MM1.AX,0.07500000298023224
MEG.AX,0.017000000923871994
OLY.AX,0.03999999910593033
WIN.AX,0.04600000008940697
8VI.AX,0.05999999865889549
MSG.AX,0.004000000189989805
NGS.AX,0.03099999949336052
VSR.AX,0.014999999664723873
WSR.AX,0.008999999612569809
SHO.AX,0.012000000104308128
RR1.AX,0.013000000268220901
AVM.AX,0.024000000208616257
AAU.AX,0.003000000026077032
POS.AX,0.004000000189989805
AUG.AX,0.04500000178813934
RHY.AX,0.06400000303983688
WYX.AX,0.02500000037252903
LM1.AX,0.08399999886751175
PBL.AX,0.05299999937415123
CNJ.AX,0.0020000000949949026
HAS.AX,0.28999999165534973
TKL.AX,0.0010000000474974513
ADD.AX,0.0020000000949949026
CXO.AX,0.12999999523162842
WML.AX,0.0020000000949949026
OCN.AX,0.03099999949336052
LKE.AX,0.04100000113248825
NXD.AX,0.10999999940395355
GT1.AX,0.09000000357627869
ABE.AX,0.029999999329447746
REC.AX,0.02800000086426735
APC.AX,0.0010000000474974513
SLM.AX,0.09000000357627869
NRZ.AX,0.004000000189989805
JAY.AX,0.009999999776482582
C1X.AX,0.054999999701976776
IBX.AX,0.03999999910593033
WOA.AX,0.012000000104308128
CLZ.AX,0.0010000000474974513
ICU.AX,
OSX.AX,0.041999999433755875
CYB.AX,0.2549999952316284
